

USE DonaBaunilha;
GO

--Inserindo dados na Tabela Endereço

INSERT INTO dendereco(id_endereco, logradouro, numero, complemento, cidade, estado, cep)
VALUES 
(1, 'Avenida das Flores', 168, 'Casa', 'Matão', 'São Paulo', '15990-000'),
(2, 'Lucca Fernandes', 655, 'Fundos', 'Rocha do Norte', 'SP', '53027267'),
(3, 'Largo da Costa', 652, 'Fundos', 'Porto da Prata', 'SP', '25944-763'),
(4, 'Viaduto Enzo da Paz', 310, 'Cobertura', 'Martins', 'SP', '10723954'),
(5, 'Condomínio Teixeira', 218, 'Fundos', 'Moreira', 'SP', '39698-315'),
(6, 'Trevo Guilherme Ribeiro', 671, 'Andar 1', 'Rocha Grande', 'SP', '27768838'),
(7, 'Conjunto Ana Júlia Vieira', 271, 'Loja 2', 'Campos', 'SP', '62848-816'),
(8, 'Via da Mata', 173, 'Loja 2', 'Almeida', 'SP', '19562205'),
(9, 'Largo de Moreira', 68, 'Casa', 'Moura da Prata', 'SP', '02066-708'),
(10, 'Passarela da Mota', 800, 'Casa', 'Alves da Prata', 'SP', '21224-475'),
(11, 'Condomínio de das Neves', 830, 'Bloco B', 'Costela', 'SP', '48479-206'),
(12, 'Otávio Freitas', 152, 'Andar 1', 'Vieira Verde', 'SP', '28412-303'),
(13, 'Conjunto Silveira', 831, 'Sala 3', 'Pinto', 'SP', '05502230'),
(14, 'Colônia Moreira', 41, 'Fundos', 'Monteiro do Norte', 'SP', '56576722'),
(15, 'Recanto Barros', 504, 'Apto 101', 'Souza', 'SP', '35236-762'),
(16, 'Vereda de Lima', 23, 'Fundos', 'da Rosa', 'SP', '61624202'),
(17, 'Sítio Almeida', 424, 'Cobertura', 'Rodrigues', 'SP', '47879491'),
(18, 'Estrada Rocha', 976, 'Bloco B', 'Fernandes', 'SP', '87711906'),
(19, 'Colônia de Santos', 618, 'Fundos', 'da Mata do Galho', 'SP', '80441659'),
(20, 'Jardim Alana da Rocha', 60, 'Casa', 'Moura', 'SP', '42234764'),
(21, 'Rodovia Alves', 608, 'Sala 3', 'Lopes do Oeste', 'SP', '86577-113'),
(22, 'Quadra de Rezende', 247, 'Casa', 'Fogaça', 'SP', '81090-346'),
(23, 'Residencial de da Cruz', 114, 'Fundos', 'Castro da Mata', 'SP', '46023-609'),
(24, 'Morro Porto', 995, 'Casa', 'Gonçalves', 'SP', '09397-471'),
(25, 'Recanto Maria Alice da Mata', 804, 'Bloco B', 'Gonçalves', 'SP', '50478512'),
(26, 'Ladeira de da Conceição', 181, 'Andar 1', 'da Rosa', 'SP', '43193114'),
(27, 'Trecho Joana Almeida', 16, 'Apto 202', 'Nogueira do Campo', 'SP', '20602-792'),
(28, 'Sítio de Mendes', 714, 'Loja 2', 'Sales da Mata', 'SP', '03143066'),
(29, 'Rua de Costa', 447, 'Casa', 'Rezende', 'SP', '31940675'),
(30, 'Estrada Souza', 874, 'Bloco B', 'Nascimento', 'SP', '35792-182'),
(31, 'Ladeira Calebe Barros', 917, 'Apto 202', 'Cardoso', 'SP', '72604947'),
(32, 'Alameda de da Costa', 567, 'Apto 202', 'Campos', 'SP', '57724893'),
(33, 'Vereda Ramos', 103, 'Fundos', 'Cardoso', 'SP', '17927-436'),
(34, 'Parque Freitas', 203, 'Sem complemento', 'Sales', 'SP', '13126-154'),
(35, 'Passarela de Alves', 38, 'Bloco B', 'Peixoto', 'SP', '94752774'),
(36, 'Jardim Davi Luiz Moraes', 310, 'Bloco B', 'Peixoto', 'SP', '10823692'),
(37, 'Estação Laura da Paz', 925, 'Loja 2', 'Santos', 'SP', '67906-189'),
(38, 'Loteamento Rocha', 291, 'Andar 1', 'Nascimento', 'SP', '04131-695'),
(39, 'Residencial Guilherme Almeida', 338, 'Loja 2', 'da Mata', 'SP', '64399143'),
(40, 'Conjunto de Ferreira', 259, 'Loja 2', 'Teixeira de Goiás', 'SP', '35441918'),
(41, 'Passarela Fogaça', 478, 'Apto 202', 'Vieira de Nunes', 'SP', '58924-814'),
(42, 'Setor Teixeira', 404, 'Sala 3', 'Cardoso Paulista', 'SP', '04243517'),
(43, 'Sítio Melo', 648, 'Cobertura', 'Farias do Amparo', 'SP', '96447122'),
(44, 'Viaduto Melo', 166, 'Cobertura', 'Rodrigues de Costa', 'SP', '90009725'),
(45, 'Sítio Ana Clara da Mota', 805, 'Casa', 'Nascimento', 'SP', '40549-575'),
(46, 'Recanto de Nascimento', 57, 'Apto 101', 'Lima', 'SP', '58440-093'),
(47, 'Núcleo Lucas Porto', 501, 'Bloco B', 'da Cunha', 'SP', '57772173'),
(48, 'Jardim Costa', 216, 'Bloco B', 'Martins', 'SP', '50367071'),
(49, 'Parque Mendes', 488, 'Bloco B', 'Viana', 'SP', '36810551'),
(50, 'Condomínio Alana Ribeiro', 237, 'Cobertura', 'Cunha do Sul', 'SP', '49200-114');

--Inserindo dados na Tabela Cliente

INSERT INTO dcliente (id_cliente, id_endereco, nome, cpf, email, telefone) VALUES
(1, 1, 'Sra. Ana Clara Vieira', '716.305.289-86', 'zda-conceicao@da.br', '+55 (011) 4985-8427'),
(2, 2, 'Eduardo Oliveira', '895.402.361-42', 'souzaisabel@gmail.com', '61 4739-6356'),
(3, 3, 'Isabella da Cunha', '386.294.175-28', 'davi03@uol.com.br', '0500 729 6367'),
(4, 4, 'Ana Lívia Araújo', '743.520.816-71', 'heloisaalves@moura.com', '+55 21 6680 6717'),
(5, 5, 'Pietra Castro', '849.150.637-39', 'mariana72@ig.com.br', '(084) 0706-0290'),
(6, 6, 'Sra. Bárbara Rocha', '760.512.348-53', 'yasmin11@teixeira.com', '(081) 3842 7079'),
(7, 7, 'Milena das Neves', '649.087.125-49', 'raquel82@carvalho.com', '+55 84 4860 3117'),
(8, 8, 'João Teixeira', '623.075.894-65', 'igor89@yahoo.com.br', '+55 (041) 6098 0997'),
(9, 9, 'Beatriz Souza', '378.921.045-50', 'tda-paz@hotmail.com', '+55 (051) 8274 1007'),
(10, 10, 'Kaique da Cunha', '104.367.589-20', 'rochavitor@caldeira.br', '+55 21 1026 2100'),
(11, 11, 'Yago Barros', '497.365.802-29', 'bernardocorreia@castro.com', '0500-918-2602'),
(12, 12, 'Dr. João Miguel Dias', '150.293.746-80', 'epires@ig.com.br', '(081) 6103 4451'),
(13, 13, 'Alexia Dias', '460.538.917-20', 'thiago91@dias.org', '61 0738 7553'),
(14, 14, 'João Pedro Nunes', '843.072.916-03', 'ffarias@moura.br', '+55 21 3971 4648'),
(15, 15, 'Srta. Bruna Martins', '874.531.962-64', 'julia00@hotmail.com', '71 8554 3017'),
(16, 16, 'Gustavo Araújo', '380.572.169-21', 'catarinaaraujo@peixoto.br', '(041) 5260 1048'),
(17, 17, 'Raquel Dias', '752.396.814-73', 'arthurda-paz@cardoso.com', '(081) 6075 3258'),
(18, 18, 'Sr. Paulo Carvalho', '318.509.627-40', 'da-motamaria-luiza@carvalho.com', '71 7582 4129'),
(19, 19, 'Olivia Freitas', '296.754.803-00', 'enzodas-neves@teixeira.com', '+55 (081) 8016 9867'),
(20, 20, 'Larissa Nogueira', '283.749.650-29', 'brunomendes@yahoo.com.br', '+55 (071) 9446-7357'),
(21, 21, 'Sra. Clara Castro', '618.957.023-21', 'danilo34@hotmail.com', '(051) 8270 6788'),
(22, 22, 'João Miguel Fogaça', '950.463.271-80', 'manuela35@uol.com.br', '+55 81 6201-4143'),
(23, 23, 'Sra. Laís Mendes', '825.973.410-97', 'novaesmaria-vitoria@melo.org', '+55 (041) 5054 8830'),
(24, 24, 'Yuri Lopes', '210.743.965-61', 'theo98@yahoo.com.br', '+55 31 6565-2871'),
(25, 25, 'Luiz Fernando Campos', '495.130.872-04', 'luigi90@hotmail.com', '(041) 2858-1214'),
(26, 26, 'Isabel Cunha', '892.160.734-03', 'vicente80@moraes.org', '(051) 4375-7953'),
(27, 27, 'Lavínia Melo', '578.120.639-68', 'rafael49@azevedo.com', '0900 534 2409'),
(28, 28, 'Sr. Cauê Fernandes', '694.127.580-49', 'clariceda-luz@ig.com.br', '(021) 8121 2030'),
(29, 29, 'Dr. Marcos Vinicius Melo', '368.175.294-09', 'da-luzsophie@campos.br', '+55 (071) 0517-5816'),
(30, 30, 'Srta. Ana Júlia das Neves', '519.683.740-00', 'carolineazevedo@gmail.com', '+55 (031) 8154-5369'),
(31, 31, 'Raul Teixeira', '806.319.754-20', 'joao-feliperibeiro@hotmail.com', '+55 (031) 4873 3321'),
(32, 32, 'Sabrina Santos', '130.879.654-48', 'goncalvesana-julia@santos.br', '+55 (021) 7125 5453'),
(33, 33, 'Evelyn Novaes', '865.039.471-00', 'campossabrina@yahoo.com.br', '(041) 7389-5678'),
(34, 34, 'Paulo Correia', '925.873.014-32', 'liviacorreia@barbosa.br', '+55 (084) 2853-1213'),
(35, 35, 'Dr. Marcelo Mendes', '501.427.368-80', 'vbarbosa@souza.br', '+55 31 8450-8807'),
(36, 36, 'Pedro Lucas Barbosa', '746.598.102-67', 'matheuscavalcanti@hotmail.com', '0500-953-2346'),
(37, 37, 'Nathan Fogaça', '351.749.862-91', 'erick65@gmail.com', '0500 445 2002'),
(38, 38, 'Gabriela Gonçalves', '918.475.623-37', 'augustoda-conceicao@gmail.com', '0500 816 0266'),
(39, 39, 'Rafael Peixoto', '261.794.385-28', 'brunopires@vieira.com', '21 6693-2121'),
(40, 40, 'Joaquim Novaes', '920.743.815-14', 'vinicius69@moraes.com', '+55 (011) 2576-3552'),
(41, 41, 'Davi Lucca Freitas', '061.854.239-60', 'brunarezende@oliveira.br', '+55 11 0984 0634'),
(42, 42, 'Davi Pinto', '519.346.028-33', 'ocaldeira@costela.br', '+55 (051) 3042 6545'),
(43, 43, 'Helena Jesus', '893.741.605-01', 'lucas-gabriel63@alves.com', '+55 71 4333 3488'),
(44, 44, 'Emanuel Pinto', '380.251.974-41', 'nathanpereira@fernandes.com', '(021) 0295 7584'),
(45, 45, 'Emilly da Cunha', '127.689.405-85', 'elisacarvalho@fogaca.org', '(041) 0918-0041'),
(46, 46, 'Valentina Lopes', '076.598.231-59', 'ana-luizamonteiro@goncalves.net', '(081) 7066-6520'),
(47, 47, 'Mariana Campos', '758.043.921-23', 'erickduarte@gmail.com', '+55 21 2523-7017'),
(48, 48, 'Isaac Dias', '109.567.438-20', 'juliapereira@ig.com.br', '+55 (071) 8369-4868'),
(49, 49, 'Luigi Pereira', '327.016.458-08', 'raul34@goncalves.com', '(041) 0171-7022'),
(50, 50, 'Dra. Rebeca Cardoso', '035.829.671-40', 'bruno27@farias.com', '0300 440 1301');

--Inserindo dados na Tabela BU

INSERT INTO dbu (id_bu, nome, logradouro, numero, cidade, estado, cep) VALUES
(1, 'Dona Baunilha Araraquara', 'Av. Principal', 100, 'Araraquara', 'SP', '14800-000'),
(2, 'Dona Baunilha Matão', 'Rua do Café', 200, 'Matão', 'SP', '15990-000'),
(3, 'Dona Baunilha São Carlos', 'Av. Central', 300, 'São Carlos', 'SP', '13560-000');

--Inserindo dados na Tabela Dimensão de Categoria

INSERT INTO dcategoria (id_categoria, nome) VALUES
(1, 'Bebidas Quentes'),
(2, 'Bebidas Geladas'),
(3, 'Doces'),
(4, 'Salgados'),
(5, 'Brunch'),
(6, 'Cafés Especiais');

--Inserindo dados na Tabela Produto

INSERT INTO dproduto (id_produto, id_categoria, nome, preco_unit, custo_prod) VALUES
(1, 3, 'Torta de Limão 1', 109.78, 36.02),
(2, 6, 'Pão de Queijo Gourmet 2', 46.37, 19.63),
(3, 1, 'Frapuccino Dona Baunilha 3', 57.36, 15.12),
(4, 6, 'Frapuccino Dona Baunilha 4', 19.57, 8.93),
(5, 4, 'Capuccino Cremoso 5', 21.94, 10.92),
(6, 5, 'Bolo Red Velvet 6', 49.91, 19.91),
(7, 3, 'Café Geisha Panamá 7', 16.02, 6.97),
(8, 6, 'Café Geisha Panamá 8', 91.13, 35.83),
(9, 2, 'Pão de Queijo Gourmet 9', 65.92, 29.03),
(10, 2, 'Croissant Presunto e Queijo 10', 32.74, 15.45),
(11, 6, 'Torta de Limão 11', 82.22, 36.64),
(12, 1, 'Capuccino Cremoso 12', 65.31, 14.45),
(13, 5, 'Torta de Limão 13', 17.42, 5.36),
(14, 3, 'Latte Baunilha 14', 115.89, 48.46),
(15, 5, 'Croissant Presunto e Queijo 15', 86.52, 24.92),
(16, 2, 'Café Jacu Bird 16', 42.55, 12.74),
(17, 6, 'Frapuccino Dona Baunilha 17', 81.87, 23.09),
(18, 2, 'Capuccino Cremoso 18', 15.94, 6.64),
(19, 5, 'Cookie Gigante 19', 25.74, 9.12),
(20, 4, 'Iced Coffee Caramelo 20', 80.59, 38.57),
(21, 6, 'Cookie Gigante 21', 77.82, 35.4),
(22, 5, 'Torta de Limão 22', 112.26, 43.95),
(23, 6, 'Torta de Limão 23', 27.47, 12.17),
(24, 5, 'Capuccino Cremoso 24', 47.39, 23.13),
(25, 6, 'Cookie Gigante 25', 58.56, 12.69),
(26, 4, 'Torta de Limão 26', 64.8, 18.69),
(27, 5, 'Café Geisha Panamá 27', 60.38, 16.4),
(28, 3, 'Frapuccino Dona Baunilha 28', 117.91, 49.97),
(29, 4, 'Frapuccino Dona Baunilha 29', 103.5, 23.97),
(30, 3, 'Latte Baunilha 30', 76.39, 36.02),
(31, 6, 'Capuccino Cremoso 31', 88.64, 35.04),
(32, 3, 'Frapuccino Dona Baunilha 32', 98.73, 21.62),
(33, 5, 'Croissant Presunto e Queijo 33', 104.86, 35.14),
(34, 3, 'Frapuccino Dona Baunilha 34', 97.08, 41.94),
(35, 1, 'Torta de Limão 35', 26.45, 6.83),
(36, 2, 'Latte Baunilha 36', 66.3, 27.35),
(37, 1, 'Café Expresso 37', 47.08, 22.67),
(38, 1, 'Café Expresso 38', 78.62, 31.28),
(39, 4, 'Iced Coffee Caramelo 39', 42.1, 16.51),
(40, 6, 'Café Geisha Panamá 40', 15.43, 5.54),
(41, 4, 'Brunch Dona Baunilha 41', 79.34, 24.39),
(42, 5, 'Bolo Red Velvet 42', 26.58, 11.47),
(43, 1, 'Pão de Queijo Gourmet 43', 20.08, 6.3),
(44, 6, 'Latte Baunilha 44', 112.52, 23.87),
(45, 1, 'Café Jacu Bird 45', 70.74, 33.75),
(46, 3, 'Capuccino Cremoso 46', 43.16, 13.3),
(47, 1, 'Capuccino Cremoso 47', 49.16, 15.77),
(48, 5, 'Frapuccino Dona Baunilha 48', 66.12, 22.39),
(49, 3, 'Pão de Queijo Gourmet 49', 16.78, 7.05),
(50, 3, 'Bolo Red Velvet 50', 82.36, 23.21);

--Inserindo dados na tabela fvendas

INSERT INTO fvendas (id_venda, id_cliente, id_bu, valor_total, desconto, status, data_venda) VALUES
(1, 46, 1, 48.95, 5.9, 'Concluída', '2024-05-12'),
(2, 23, 2, 468.93, 206.76, 'Cancelada', '2024-05-21'),
(3, 38, 3, 437.4, 51.31, 'Pendente', '2024-05-25'),
(4, 7, 1, 308.73, 26.84, 'Pendente', '2024-05-25'),
(5, 31, 1, 59.4, 22.29, 'Pendente', '2024-05-28'),
(6, 7, 3, 291.54, 60.46, 'Concluída', '2024-05-12'),
(7, 8, 2, 450.33, 172.72, 'Pendente', '2024-05-20'),
(8, 16, 1, 340.96, 47.94, 'Pendente', '2024-05-30'),
(9, 13, 2, 287.53, 52.81, 'Concluída', '2024-05-17'),
(10, 19, 1, 471.8, 128.94, 'Cancelada', '2024-05-29'),
(11, 24, 3, 43.38, 20.35, 'Pendente', '2024-05-29'),
(12, 47, 3, 414.82, 150.65, 'Pendente', '2024-05-30'),
(13, 27, 1, 220.8, 54.42, 'Cancelada', '2024-05-03'),
(14, 37, 2, 358.66, 30.35, 'Cancelada', '2024-05-18'),
(15, 27, 2, 285.95, 25.73, 'Concluída', '2024-05-18'),
(16, 45, 2, 59.2, 3.87, 'Pendente', '2024-05-11'),
(17, 40, 3, 71.37, 6.24, 'Pendente', '2024-05-17'),
(18, 19, 3, 378.44, 168.46, 'Pendente', '2024-05-12'),
(19, 48, 1, 228.02, 78.26, 'Concluída', '2024-05-31'),
(20, 2, 3, 410.04, 79.27, 'Cancelada', '2024-05-06'),
(21, 5, 3, 391.26, 12.64, 'Cancelada', '2024-05-22'),
(22, 21, 3, 51.27, 12.84, 'Cancelada', '2024-05-30'),
(23, 38, 1, 134.35, 15.78, 'Concluída', '2024-05-17'),
(24, 49, 1, 471.65, 91.91, 'Concluída', '2024-05-01'),
(25, 9, 3, 238.55, 11.78, 'Concluída', '2024-05-06'),
(26, 15, 2, 66.86, 3.23, 'Concluída', '2024-05-10'),
(27, 6, 2, 388.0, 137.43, 'Cancelada', '2024-05-26'),
(28, 6, 2, 315.67, 129.38, 'Pendente', '2024-05-16'),
(29, 27, 3, 368.13, 67.4, 'Cancelada', '2024-05-06'),
(30, 30, 3, 104.64, 27.93, 'Cancelada', '2024-05-02'),
(31, 30, 1, 443.82, 154.36, 'Pendente', '2024-05-11'),
(32, 28, 3, 58.98, 24.84, 'Concluída', '2024-05-21'),
(33, 29, 1, 470.2, 110.75, 'Concluída', '2024-05-23'),
(34, 44, 3, 101.0, 9.37, 'Concluída', '2024-05-26'),
(35, 34, 2, 306.13, 130.71, 'Concluída', '2024-05-19'),
(36, 19, 2, 408.55, 69.41, 'Pendente', '2024-05-26'),
(37, 23, 3, 319.9, 103.11, 'Pendente', '2024-05-17'),
(38, 35, 2, 409.6, 192.54, 'Cancelada', '2024-05-11'),
(39, 37, 2, 223.55, 86.21, 'Pendente', '2024-05-24'),
(40, 33, 2, 71.84, 33.32, 'Pendente', '2024-05-06'),
(41, 20, 2, 387.47, 24.48, 'Concluída', '2024-05-10'),
(42, 5, 2, 453.56, 203.14, 'Pendente', '2024-05-13'),
(43, 9, 2, 93.4, 3.73, 'Cancelada', '2024-05-08'),
(44, 1, 1, 320.58, 21.49, 'Cancelada', '2024-05-06'),
(45, 3, 2, 255.64, 51.2, 'Cancelada', '2024-05-01'),
(46, 28, 3, 468.88, 204.95, 'Cancelada', '2024-05-31'),
(47, 49, 3, 446.04, 93.27, 'Concluída', '2024-05-18'),
(48, 38, 1, 191.12, 82.26, 'Cancelada', '2024-05-24'),
(49, 39, 1, 201.29, 19.1, 'Cancelada', '2024-05-11'),
(50, 3, 2, 139.49, 60.08, 'Cancelada', '2024-05-13'),
(51, 50, 1, 371.6, 73.57, 'Pendente', '2024-05-16'),
(52, 31, 1, 416.58, 85.85, 'Pendente', '2024-05-13'),
(53, 16, 1, 41.17, 12.87, 'Cancelada', '2024-05-25'),
(54, 35, 1, 234.65, 44.47, 'Cancelada', '2024-05-17'),
(55, 33, 2, 147.92, 23.05, 'Pendente', '2024-05-11'),
(56, 42, 2, 185.45, 85.94, 'Pendente', '2024-05-08'),
(57, 36, 1, 419.49, 128.5, 'Cancelada', '2024-05-17'),
(58, 29, 3, 486.86, 201.44, 'Pendente', '2024-05-09'),
(59, 48, 1, 403.87, 64.16, 'Cancelada', '2024-05-22'),
(60, 17, 2, 443.92, 152.45, 'Concluída', '2024-05-17'),
(61, 26, 1, 310.73, 114.84, 'Pendente', '2024-05-21'),
(62, 43, 2, 270.67, 3.92, 'Concluída', '2024-05-26'),
(63, 13, 2, 124.83, 22.1, 'Pendente', '2024-05-13'),
(64, 24, 2, 366.04, 179.88, 'Cancelada', '2024-05-14'),
(65, 27, 2, 297.95, 37.19, 'Pendente', '2024-05-18'),
(66, 29, 1, 58.93, 27.35, 'Pendente', '2024-05-21'),
(67, 9, 2, 178.19, 71.72, 'Concluída', '2024-05-12'),
(68, 26, 2, 475.83, 200.0, 'Cancelada', '2024-05-21'),
(69, 20, 3, 199.88, 34.77, 'Cancelada', '2024-05-23'),
(70, 14, 1, 372.92, 150.81, 'Pendente', '2024-05-12'),
(71, 48, 2, 286.69, 112.28, 'Cancelada', '2024-05-16'),
(72, 39, 3, 385.46, 120.68, 'Concluída', '2024-05-22'),
(73, 3, 1, 30.15, 8.95, 'Cancelada', '2024-05-03'),
(74, 41, 2, 304.4, 95.33, 'Pendente', '2024-05-20'),
(75, 7, 2, 165.33, 33.67, 'Cancelada', '2024-05-12'),
(76, 18, 1, 488.45, 63.93, 'Concluída', '2024-05-17'),
(77, 4, 3, 275.74, 68.44, 'Concluída', '2024-05-25'),
(78, 24, 3, 105.5, 44.94, 'Pendente', '2024-05-19'),
(79, 35, 1, 383.72, 150.87, 'Pendente', '2024-05-07'),
(80, 9, 2, 195.0, 49.95, 'Pendente', '2024-05-31'),
(81, 35, 2, 210.33, 7.06, 'Cancelada', '2024-05-10'),
(82, 25, 2, 396.81, 164.79, 'Concluída', '2024-05-07'),
(83, 32, 1, 362.38, 82.71, 'Cancelada', '2024-05-11'),
(84, 27, 2, 309.32, 109.38, 'Cancelada', '2024-05-24'),
(85, 50, 1, 58.29, 9.04, 'Cancelada', '2024-05-06'),
(86, 45, 3, 422.58, 93.13, 'Concluída', '2024-05-21'),
(87, 37, 3, 283.72, 79.02, 'Cancelada', '2024-05-22'),
(88, 7, 2, 326.14, 91.26, 'Pendente', '2024-05-06'),
(89, 15, 2, 333.27, 154.05, 'Cancelada', '2024-05-12'),
(90, 24, 1, 33.56, 13.38, 'Concluída', '2024-05-09'),
(91, 41, 2, 410.05, 18.27, 'Concluída', '2024-05-15'),
(92, 32, 2, 26.02, 6.34, 'Concluída', '2024-05-02'),
(93, 29, 1, 94.97, 17.49, 'Pendente', '2024-05-09'),
(94, 45, 2, 196.91, 42.64, 'Cancelada', '2024-05-06'),
(95, 47, 2, 221.42, 50.15, 'Concluída', '2024-05-13'),
(96, 23, 1, 143.51, 33.33, 'Cancelada', '2024-05-31'),
(97, 15, 1, 489.88, 118.11, 'Cancelada', '2024-05-07'),
(98, 29, 3, 225.99, 16.45, 'Pendente', '2024-05-18'),
(99, 29, 3, 319.68, 41.0, 'Pendente', '2024-05-13'),
(100, 18, 3, 265.25, 115.5, 'Cancelada', '2024-05-01'),
(101, 46, 1, 244.55, 40.41, 'Cancelada', '2024-05-01'),
(102, 21, 1, 345.41, 111.95, 'Concluída', '2024-05-06'),
(103, 30, 3, 316.62, 34.64, 'Pendente', '2024-05-11'),
(104, 15, 2, 245.18, 49.31, 'Concluída', '2024-05-29'),
(105, 8, 3, 88.64, 0.49, 'Concluída', '2024-05-14'),
(106, 26, 2, 119.08, 9.46, 'Concluída', '2024-05-20'),
(107, 21, 1, 96.8, 39.19, 'Cancelada', '2024-05-26'),
(108, 48, 1, 129.4, 26.77, 'Pendente', '2024-05-10'),
(109, 34, 2, 468.91, 214.18, 'Pendente', '2024-05-28'),
(110, 44, 1, 405.38, 6.36, 'Pendente', '2024-05-06'),
(111, 31, 3, 269.26, 59.73, 'Cancelada', '2024-05-21'),
(112, 5, 1, 272.5, 49.59, 'Pendente', '2024-05-28'),
(113, 6, 1, 163.41, 20.58, 'Pendente', '2024-05-26'),
(114, 15, 1, 471.06, 194.48, 'Pendente', '2024-05-12'),
(115, 48, 3, 181.64, 17.06, 'Pendente', '2024-05-18'),
(116, 34, 2, 73.5, 0.58, 'Cancelada', '2024-05-02'),
(117, 22, 1, 352.43, 161.18, 'Cancelada', '2024-05-15'),
(118, 37, 3, 214.34, 60.83, 'Concluída', '2024-05-07'),
(119, 33, 1, 146.52, 16.8, 'Cancelada', '2024-05-20'),
(120, 47, 1, 157.36, 40.84, 'Cancelada', '2024-05-12'),
(121, 41, 2, 440.39, 18.43, 'Pendente', '2024-05-07'),
(122, 11, 1, 483.11, 217.83, 'Cancelada', '2024-05-25'),
(123, 20, 3, 29.27, 14.07, 'Cancelada', '2024-05-03'),
(124, 47, 1, 492.83, 0.88, 'Concluída', '2024-05-16'),
(125, 22, 3, 44.15, 17.86, 'Cancelada', '2024-05-15'),
(126, 1, 1, 141.03, 40.36, 'Concluída', '2024-05-03'),
(127, 38, 1, 328.96, 19.65, 'Concluída', '2024-05-09'),
(128, 47, 2, 432.28, 28.59, 'Cancelada', '2024-05-01'),
(129, 4, 2, 237.25, 65.59, 'Pendente', '2024-05-14'),
(130, 9, 3, 47.17, 22.05, 'Pendente', '2024-05-14'),
(131, 36, 2, 281.34, 47.17, 'Cancelada', '2024-05-20'),
(132, 28, 3, 134.65, 13.5, 'Cancelada', '2024-05-11'),
(133, 42, 2, 387.71, 64.7, 'Concluída', '2024-05-14'),
(134, 43, 2, 227.78, 54.78, 'Concluída', '2024-05-29'),
(135, 14, 1, 34.15, 1.34, 'Cancelada', '2024-05-22'),
(136, 21, 1, 151.85, 12.39, 'Pendente', '2024-05-21'),
(137, 3, 3, 33.85, 14.49, 'Concluída', '2024-05-31'),
(138, 15, 1, 165.69, 50.86, 'Cancelada', '2024-05-30'),
(139, 33, 1, 391.77, 89.68, 'Cancelada', '2024-05-25'),
(140, 38, 3, 75.4, 32.8, 'Cancelada', '2024-05-04'),
(141, 46, 2, 338.31, 73.76, 'Concluída', '2024-05-26'),
(142, 8, 3, 357.49, 2.2, 'Pendente', '2024-05-15'),
(143, 13, 1, 356.51, 125.02, 'Cancelada', '2024-05-21'),
(144, 21, 1, 72.84, 13.64, 'Pendente', '2024-05-17'),
(145, 41, 3, 21.47, 10.41, 'Concluída', '2024-05-23'),
(146, 40, 3, 41.59, 10.75, 'Cancelada', '2024-05-04'),
(147, 35, 3, 484.15, 66.66, 'Cancelada', '2024-05-10'),
(148, 23, 2, 496.46, 9.33, 'Pendente', '2024-05-07'),
(149, 45, 3, 488.42, 232.49, 'Concluída', '2024-05-24'),
(150, 11, 2, 21.26, 2.02, 'Concluída', '2024-05-24'),
(151, 1, 2, 346.53, 32.43, 'Concluída', '2024-05-20'),
(152, 21, 1, 291.06, 86.36, 'Concluída', '2024-05-25'),
(153, 14, 1, 247.51, 60.07, 'Cancelada', '2024-05-27'),
(154, 47, 2, 249.11, 74.99, 'Cancelada', '2024-05-03'),
(155, 6, 3, 475.01, 117.18, 'Concluída', '2024-05-16'),
(156, 48, 3, 52.06, 18.09, 'Cancelada', '2024-05-03'),
(157, 39, 2, 83.54, 25.81, 'Cancelada', '2024-05-06'),
(158, 10, 2, 392.45, 164.76, 'Cancelada', '2024-05-27'),
(159, 26, 1, 459.72, 11.69, 'Concluída', '2024-05-15'),
(160, 2, 2, 229.03, 103.81, 'Pendente', '2024-05-08'),
(161, 17, 1, 27.41, 4.32, 'Pendente', '2024-05-26'),
(162, 46, 1, 170.53, 57.45, 'Concluída', '2024-05-07'),
(163, 1, 3, 98.73, 11.06, 'Pendente', '2024-05-08'),
(164, 28, 3, 453.32, 165.21, 'Pendente', '2024-05-17'),
(165, 39, 1, 94.57, 22.98, 'Concluída', '2024-05-02'),
(166, 32, 3, 405.2, 31.7, 'Concluída', '2024-05-09'),
(167, 4, 2, 434.05, 180.99, 'Cancelada', '2024-05-07'),
(168, 18, 1, 146.48, 67.71, 'Pendente', '2024-05-28'),
(169, 4, 3, 314.03, 28.14, 'Pendente', '2024-05-19'),
(170, 24, 2, 52.27, 6.52, 'Pendente', '2024-05-24'),
(171, 20, 1, 160.41, 65.89, 'Concluída', '2024-05-17'),
(172, 14, 3, 496.66, 184.38, 'Cancelada', '2024-05-18'),
(173, 19, 2, 134.61, 51.73, 'Pendente', '2024-05-11'),
(174, 42, 2, 22.42, 0.79, 'Concluída', '2024-05-25'),
(175, 40, 1, 150.96, 20.75, 'Cancelada', '2024-05-04'),
(176, 26, 2, 364.0, 137.0, 'Cancelada', '2024-05-26'),
(177, 32, 2, 405.59, 132.73, 'Concluída', '2024-05-25'),
(178, 32, 3, 475.86, 163.28, 'Cancelada', '2024-05-11'),
(179, 38, 2, 203.09, 26.46, 'Concluída', '2024-05-06'),
(180, 40, 1, 416.34, 169.3, 'Concluída', '2024-05-28'),
(181, 3, 2, 413.6, 103.68, 'Concluída', '2024-05-12'),
(182, 5, 1, 58.23, 1.48, 'Cancelada', '2024-05-07'),
(183, 30, 1, 278.22, 42.6, 'Pendente', '2024-05-13'),
(184, 23, 1, 376.68, 62.58, 'Pendente', '2024-05-11'),
(185, 49, 3, 174.08, 12.03, 'Pendente', '2024-05-03'),
(186, 18, 2, 471.11, 126.82, 'Pendente', '2024-05-07'),
(187, 35, 1, 63.24, 12.87, 'Pendente', '2024-05-18'),
(188, 1, 2, 24.71, 3.04, 'Concluída', '2024-05-08'),
(189, 5, 1, 45.96, 13.89, 'Cancelada', '2024-05-13'),
(190, 36, 3, 121.33, 55.09, 'Cancelada', '2024-05-07'),
(191, 15, 3, 274.98, 77.31, 'Pendente', '2024-05-09'),
(192, 43, 3, 27.28, 7.9, 'Cancelada', '2024-05-09'),
(193, 30, 3, 340.56, 52.57, 'Concluída', '2024-05-02'),
(194, 40, 3, 89.05, 14.4, 'Cancelada', '2024-05-09'),
(195, 12, 3, 268.85, 17.85, 'Concluída', '2024-05-29'),
(196, 49, 2, 430.25, 111.48, 'Concluída', '2024-05-22'),
(197, 24, 3, 496.7, 247.92, 'Cancelada', '2024-05-18'),
(198, 18, 2, 481.35, 231.67, 'Concluída', '2024-05-14'),
(199, 45, 1, 305.86, 11.7, 'Concluída', '2024-05-22'),
(200, 5, 1, 434.79, 58.72, 'Cancelada', '2024-05-25'),
(201, 29, 1, 299.69, 42.08, 'Pendente', '2024-05-23'),
(202, 15, 2, 229.22, 76.88, 'Concluída', '2024-05-31'),
(203, 24, 1, 148.06, 32.57, 'Pendente', '2024-05-01'),
(204, 7, 1, 304.09, 94.3, 'Concluída', '2024-05-06'),
(205, 38, 1, 399.08, 39.69, 'Concluída', '2024-05-24'),
(206, 18, 1, 237.08, 101.18, 'Cancelada', '2024-05-15'),
(207, 3, 2, 273.42, 6.25, 'Pendente', '2024-05-07'),
(208, 10, 1, 177.08, 87.37, 'Cancelada', '2024-05-21'),
(209, 14, 2, 86.98, 20.63, 'Pendente', '2024-05-31'),
(210, 38, 1, 492.98, 113.81, 'Pendente', '2024-05-14'),
(211, 16, 1, 485.97, 152.19, 'Cancelada', '2024-05-07'),
(212, 12, 2, 222.13, 68.37, 'Concluída', '2024-05-03'),
(213, 7, 3, 402.67, 76.06, 'Cancelada', '2024-05-20'),
(214, 17, 1, 258.4, 98.65, 'Concluída', '2024-05-04'),
(215, 39, 3, 83.15, 17.92, 'Concluída', '2024-05-06'),
(216, 9, 3, 316.39, 135.81, 'Concluída', '2024-05-24'),
(217, 27, 2, 54.64, 16.05, 'Pendente', '2024-05-20'),
(218, 16, 2, 323.11, 34.85, 'Concluída', '2024-05-26'),
(219, 13, 1, 213.04, 95.92, 'Concluída', '2024-05-09'),
(220, 30, 1, 472.67, 176.43, 'Concluída', '2024-05-15'),
(221, 35, 2, 177.46, 80.43, 'Pendente', '2024-05-23'),
(222, 41, 3, 399.78, 96.31, 'Pendente', '2024-05-19'),
(223, 8, 2, 288.97, 35.83, 'Cancelada', '2024-05-07'),
(224, 16, 2, 342.25, 3.82, 'Cancelada', '2024-05-28'),
(225, 46, 3, 147.04, 22.63, 'Concluída', '2024-05-31'),
(226, 25, 3, 417.18, 145.31, 'Concluída', '2024-05-15'),
(227, 37, 3, 310.69, 15.52, 'Concluída', '2024-05-10'),
(228, 23, 2, 407.31, 104.83, 'Cancelada', '2024-05-23'),
(229, 23, 3, 238.97, 87.52, 'Pendente', '2024-05-07'),
(230, 25, 2, 381.56, 39.76, 'Concluída', '2024-05-18'),
(231, 35, 3, 351.24, 0.69, 'Cancelada', '2024-05-05'),
(232, 25, 2, 96.18, 45.45, 'Pendente', '2024-05-06'),
(233, 10, 3, 66.43, 7.14, 'Cancelada', '2024-05-13'),
(234, 48, 3, 390.17, 191.95, 'Pendente', '2024-05-09'),
(235, 44, 2, 72.0, 7.89, 'Pendente', '2024-05-29'),
(236, 32, 1, 133.58, 22.5, 'Cancelada', '2024-05-02'),
(237, 31, 1, 210.7, 76.98, 'Pendente', '2024-05-31'),
(238, 14, 3, 303.76, 122.94, 'Concluída', '2024-05-17'),
(239, 9, 2, 219.76, 12.73, 'Concluída', '2024-05-06'),
(240, 46, 2, 88.5, 42.24, 'Pendente', '2024-05-18'),
(241, 46, 1, 121.2, 1.82, 'Pendente', '2024-05-13'),
(242, 3, 2, 91.65, 3.49, 'Pendente', '2024-05-18'),
(243, 8, 3, 339.12, 96.1, 'Cancelada', '2024-05-09'),
(244, 49, 2, 376.49, 147.4, 'Cancelada', '2024-05-13'),
(245, 13, 2, 33.12, 5.12, 'Pendente', '2024-05-26'),
(246, 14, 2, 25.8, 6.24, 'Concluída', '2024-05-19'),
(247, 38, 2, 441.65, 79.11, 'Concluída', '2024-05-08'),
(248, 49, 1, 345.77, 166.44, 'Concluída', '2024-05-27'),
(249, 50, 1, 482.16, 126.17, 'Cancelada', '2024-05-19'),
(250, 39, 2, 491.51, 223.35, 'Pendente', '2024-05-27'),
(251, 45, 2, 115.31, 25.61, 'Pendente', '2024-05-29'),
(252, 3, 3, 338.63, 113.9, 'Cancelada', '2024-05-02'),
(253, 4, 2, 438.68, 120.13, 'Cancelada', '2024-05-31'),
(254, 33, 1, 488.94, 56.76, 'Pendente', '2024-05-13'),
(255, 16, 3, 431.99, 172.41, 'Concluída', '2024-05-25'),
(256, 31, 1, 74.2, 33.07, 'Pendente', '2024-05-04'),
(257, 18, 2, 443.47, 18.91, 'Cancelada', '2024-05-30'),
(258, 4, 2, 164.36, 38.37, 'Pendente', '2024-05-26'),
(259, 40, 3, 192.68, 63.71, 'Cancelada', '2024-05-22'),
(260, 1, 2, 205.75, 5.19, 'Cancelada', '2024-05-12'),
(261, 44, 1, 67.77, 10.06, 'Concluída', '2024-05-18'),
(262, 7, 3, 232.11, 108.98, 'Pendente', '2024-05-04'),
(263, 22, 1, 343.23, 65.81, 'Concluída', '2024-05-18'),
(264, 20, 1, 45.57, 10.79, 'Pendente', '2024-05-16'),
(265, 32, 1, 210.46, 65.9, 'Concluída', '2024-05-21'),
(266, 24, 1, 240.81, 25.94, 'Pendente', '2024-05-20'),
(267, 10, 2, 330.45, 83.76, 'Concluída', '2024-05-28'),
(268, 1, 2, 255.67, 57.66, 'Concluída', '2024-05-23'),
(269, 49, 1, 214.31, 81.45, 'Cancelada', '2024-05-20'),
(270, 5, 1, 293.87, 90.52, 'Pendente', '2024-05-28'),
(271, 22, 1, 37.25, 5.66, 'Cancelada', '2024-05-29'),
(272, 34, 3, 495.4, 98.13, 'Concluída', '2024-05-23'),
(273, 16, 3, 363.06, 166.57, 'Pendente', '2024-05-08'),
(274, 9, 1, 480.3, 130.97, 'Pendente', '2024-05-12'),
(275, 6, 1, 309.74, 23.72, 'Concluída', '2024-05-16'),
(276, 10, 3, 45.05, 9.68, 'Cancelada', '2024-05-22'),
(277, 1, 2, 142.53, 49.71, 'Concluída', '2024-05-23'),
(278, 33, 2, 187.04, 47.19, 'Concluída', '2024-05-17'),
(279, 47, 3, 100.05, 28.09, 'Pendente', '2024-05-10'),
(280, 26, 2, 53.9, 1.1, 'Cancelada', '2024-05-23'),
(281, 36, 2, 27.26, 2.5, 'Pendente', '2024-05-06'),
(282, 35, 1, 333.93, 35.06, 'Concluída', '2024-05-22'),
(283, 39, 1, 61.04, 15.58, 'Pendente', '2024-05-05'),
(284, 19, 3, 87.05, 40.99, 'Cancelada', '2024-05-11'),
(285, 9, 2, 144.51, 55.88, 'Concluída', '2024-05-16'),
(286, 27, 3, 497.94, 169.38, 'Pendente', '2024-05-15'),
(287, 50, 3, 111.11, 23.36, 'Cancelada', '2024-05-01'),
(288, 1, 1, 405.38, 80.6, 'Concluída', '2024-05-15'),
(289, 40, 3, 142.43, 27.29, 'Concluída', '2024-05-17'),
(290, 19, 1, 280.37, 89.81, 'Concluída', '2024-05-17'),
(291, 13, 3, 169.99, 23.48, 'Cancelada', '2024-05-26'),
(292, 3, 2, 311.59, 107.45, 'Cancelada', '2024-05-30'),
(293, 12, 3, 261.92, 128.17, 'Cancelada', '2024-05-07'),
(294, 28, 1, 228.65, 96.61, 'Pendente', '2024-05-06'),
(295, 49, 1, 183.05, 21.56, 'Concluída', '2024-05-27'),
(296, 13, 3, 146.04, 60.67, 'Cancelada', '2024-05-08'),
(297, 26, 2, 57.74, 17.7, 'Cancelada', '2024-05-07'),
(298, 31, 2, 344.34, 95.31, 'Concluída', '2024-05-16'),
(299, 20, 2, 138.97, 27.2, 'Cancelada', '2024-05-04'),
(300, 35, 1, 59.37, 25.12, 'Cancelada', '2024-05-30');

--Inserindo dados na tabela ditemorder

INSERT INTO ditemorder (id_item, id_produto, id_venda, qtd_item, valor_item) VALUES
(1, 42, 82, 5, 369.15),
(2, 49, 5, 3, 242.82),
(3, 36, 176, 1, 77.76),
(4, 31, 75, 2, 169.66),
(5, 4, 254, 2, 147.28),
(6, 49, 280, 4, 269.0),
(7, 50, 202, 3, 159.93),
(8, 38, 85, 3, 288.12),
(9, 38, 270, 5, 292.45),
(10, 44, 208, 3, 320.85),
(11, 28, 234, 3, 244.41),
(12, 46, 89, 2, 191.4),
(13, 46, 159, 2, 77.24),
(14, 25, 128, 1, 71.98),
(15, 11, 151, 4, 165.84),
(16, 23, 139, 2, 39.1),
(17, 39, 158, 4, 272.92),
(18, 24, 102, 2, 173.04),
(19, 38, 281, 2, 130.06),
(20, 20, 165, 2, 193.44),
(21, 1, 263, 1, 21.8),
(22, 31, 189, 5, 476.85),
(23, 12, 6, 3, 142.8),
(24, 20, 167, 3, 101.85),
(25, 45, 35, 1, 32.31),
(26, 38, 105, 3, 332.34),
(27, 42, 118, 5, 124.05),
(28, 18, 167, 5, 315.3),
(29, 40, 250, 3, 320.4),
(30, 46, 166, 2, 37.62),
(31, 8, 85, 3, 209.16),
(32, 7, 59, 2, 211.46),
(33, 39, 120, 5, 300.45),
(34, 45, 293, 4, 97.08),
(35, 12, 33, 5, 557.7),
(36, 23, 83, 1, 50.38),
(37, 31, 297, 1, 100.15),
(38, 3, 119, 1, 97.43),
(39, 9, 292, 5, 581.55),
(40, 1, 65, 4, 360.88),
(41, 29, 93, 3, 264.71),
(42, 38, 196, 3, 215.91),
(43, 31, 159, 1, 92.31),
(44, 9, 2, 5, 583.55),
(45, 37, 247, 4, 399.76),
(46, 40, 103, 1, 105.0),
(47, 48, 176, 2, 118.6),
(48, 26, 40, 3, 73.41),
(49, 9, 233, 4, 299.76),
(50, 18, 215, 3, 73.17),
(51, 39, 88, 4, 162.32),
(52, 20, 284, 5, 443.15),
(53, 35, 43, 3, 131.64),
(54, 35, 84, 4, 101.32),
(55, 35, 3, 2, 90.24),
(56, 49, 231, 4, 453.08),
(57, 19, 64, 5, 518.65),
(58, 1, 233, 1, 53.17),
(59, 36, 248, 4, 282.36),
(60, 48, 37, 1, 93.06),
(61, 12, 285, 1, 97.07),
(62, 4, 17, 5, 581.4),
(63, 28, 141, 2, 229.16),
(64, 32, 270, 2, 107.38),
(65, 30, 291, 4, 451.08),
(66, 10, 242, 1, 60.64),
(67, 7, 55, 1, 74.62),
(68, 46, 54, 3, 141.03),
(69, 50, 128, 5, 249.65),
(70, 18, 244, 5, 147.65),
(71, 34, 61, 2, 111.98),
(72, 24, 220, 2, 239.82),
(73, 19, 292, 4, 378.0),
(74, 31, 173, 4, 382.24),
(75, 34, 114, 2, 128.4),
(76, 21, 233, 2, 216.06),
(77, 27, 137, 2, 226.02),
(78, 22, 94, 4, 409.4),
(79, 46, 164, 5, 492.9),
(80, 47, 60, 5, 149.70),
(81, 31, 117, 3, 204.71),
(82, 30, 264, 3, 136.32),
(83, 43, 122, 3, 279.65),
(84, 3, 64, 4, 144.16),
(85, 50, 160, 5, 412.65),
(86, 1, 74, 4, 103.48),
(87, 28, 97, 1, 35.76),
(88, 33, 155, 3, 345.81),
(89, 37, 144, 4, 441.92),
(90, 45, 209, 3, 213.71),
(91, 9, 294, 5, 508.7),
(92, 7, 58, 2, 42.28),
(93, 35, 91, 2, 183.92),
(94, 34, 250, 5, 176.4),
(95, 38, 170, 1, 92.65),
(96, 13, 33, 4, 206.76),
(97, 48, 174, 1, 19.11),
(98, 46, 202, 2, 96.28),
(99, 11, 200, 1, 18.64),
(100, 26, 209, 4, 274.92),
(101, 48, 90, 5, 475.09),
(102, 29, 276, 5, 581.45),
(103, 8, 22, 5, 216.75),
(104, 28, 2, 3, 355.32),
(105, 24, 12, 2, 233.34),
(106, 43, 200, 4, 473.0),
(107, 11, 251, 4, 207.4),
(108, 49, 280, 3, 270.99),
(109, 39, 224, 5, 297.5),
(110, 30, 18, 4, 285.8),
(111, 33, 17, 1, 64.41),
(112, 25, 73, 5, 489.95),
(113, 34, 12, 5, 231.70),
(114, 30, 206, 4, 367.68),
(115, 7, 241, 1, 76.61),
(116, 1, 65, 2, 143.88),
(117, 7, 88, 1, 91.99),
(118, 41, 192, 4, 421.16),
(119, 12, 246, 3, 170.22),
(120, 33, 127, 5, 516.05),
(121, 26, 112, 4, 240.52),
(122, 10, 176, 2, 49.28),
(123, 29, 291, 3, 308.46),
(124, 6, 24, 1, 50.38),
(125, 2, 109, 4, 290.48),
(126, 1, 47, 2, 41.94),
(127, 18, 296, 5, 120.60),
(128, 4, 217, 1, 59.97),
(129, 29, 86, 2, 237.16),
(130, 46, 154, 3, 100.92),
(131, 43, 254, 5, 501.9),
(132, 35, 29, 5, 179.1),
(133, 6, 67, 2, 113.12),
(134, 36, 146, 4, 296.0),
(135, 12, 238, 1, 91.16),
(136, 28, 121, 5, 521.15),
(137, 21, 94, 1, 47.5),
(138, 36, 37, 5, 287.35),
(139, 26, 92, 2, 198.98),
(140, 1, 18, 1, 107.77),
(141, 39, 11, 2, 217.44),
(142, 22, 82, 1, 15.89),
(143, 7, 181, 5, 213.6),
(144, 1, 151, 1, 84.17),
(145, 34, 111, 1, 22.85),
(146, 8, 183, 1, 69.69),
(147, 14, 97, 4, 374.24),
(148, 45, 29, 2, 101.68),
(149, 13, 296, 5, 592.0),
(150, 26, 135, 1, 65.99),
(151, 13, 104, 2, 50.74),
(152, 11, 214, 5, 110.85),
(153, 47, 244, 5, 247.75),
(154, 9, 37, 1, 101.48),
(155, 49, 185, 4, 316.4),
(156, 41, 209, 1, 86.31),
(157, 44, 54, 3, 138.75),
(158, 34, 2, 1, 28.46),
(159, 40, 110, 4, 436.04),
(160, 6, 127, 5, 331.85),
(161, 43, 248, 5, 312.7),
(162, 42, 231, 5, 588.2),
(163, 35, 216, 5, 520.65),
(164, 49, 40, 5, 409.25),
(165, 13, 134, 5, 598.3),
(166, 11, 66, 3, 298.92),
(167, 22, 129, 5, 239.7),
(168, 39, 57, 5, 393.1),
(169, 42, 289, 2, 101.76),
(170, 7, 79, 2, 36.18),
(171, 3, 246, 4, 294.64),
(172, 5, 180, 2, 233.08),
(173, 39, 263, 1, 93.74),
(174, 23, 110, 3, 91.86),
(175, 44, 59, 1, 51.75),
(176, 15, 2, 4, 417.12),
(177, 50, 197, 5, 139.75),
(178, 48, 119, 1, 15.63),
(179, 2, 109, 1, 97.53),
(180, 45, 295, 3, 174.87),
(181, 29, 116, 3, 174.14),
(182, 49, 69, 5, 306.84),
(183, 30, 46, 3, 192.36),
(184, 9, 169, 1, 109.19),
(185, 24, 196, 5, 87.05),
(186, 4, 122, 2, 110.32),
(187, 8, 95, 1, 37.62),
(188, 7, 126, 2, 110.0),
(189, 15, 23, 3, 296.31),
(190, 27, 117, 3, 271.74),
(191, 34, 208, 3, 345.29),
(192, 11, 296, 5, 554.75),
(193, 41, 220, 5, 559.45),
(194, 41, 290, 5, 369.15),
(195, 45, 76, 1, 23.54),
(196, 43, 145, 1, 71.44),
(197, 47, 268, 2, 90.54),
(198, 28, 130, 4, 390.36),
(199, 43, 13, 2, 129.28),
(200, 5, 285, 1, 85.04),
(201, 4, 277, 1, 37.12),
(202, 2, 254, 1, 106.24),
(203, 20, 247, 3, 299.37),
(204, 21, 120, 4, 71.2),
(205, 16, 112, 3, 332.49),
(206, 6, 64, 5, 507.59),
(207, 11, 113, 4, 373.08),
(208, 8, 103, 5, 543.75),
(209, 50, 220, 3, 76.5),
(210, 31, 157, 2, 228.72),
(211, 13, 272, 3, 110.88),
(212, 45, 25, 5, 380.25),
(213, 33, 69, 4, 299.44),
(214, 15, 295, 2, 120.12),
(215, 4, 207, 3, 157.29),
(216, 12, 96, 2, 202.48),
(217, 26, 263, 3, 303.87),
(218, 34, 244, 2, 217.5),
(219, 47, 280, 1, 17.11),
(220, 49, 165, 3, 349.98),
(221, 18, 50, 1, 20.48),
(222, 30, 146, 2, 163.68),
(223, 23, 92, 1, 50.67),
(224, 4, 252, 3, 340.95),
(225, 27, 158, 5, 464.95),
(226, 37, 52, 1, 35.9),
(227, 33, 118, 3, 325.35),
(228, 35, 187, 4, 251.52),
(229, 13, 5, 3, 72.78),
(230, 1, 203, 5, 304.2),
(231, 27, 75, 2, 150.8),
(232, 16, 293, 5, 175.5),
(233, 16, 67, 1, 27.7),
(234, 43, 175, 1, 43.65),
(235, 24, 165, 5, 177.8),
(236, 33, 191, 4, 130.84),
(237, 37, 214, 3, 103.71),
(238, 46, 176, 3, 316.02),
(239, 23, 288, 1, 28.28),
(240, 20, 122, 5, 270.5),
(241, 46, 257, 3, 95.42),
(242, 16, 46, 4, 278.2),
(243, 39, 75, 2, 164.58),
(244, 24, 124, 3, 217.02),
(245, 8, 189, 1, 52.84),
(246, 39, 198, 4, 382.6),
(247, 31, 24, 4, 448.24),
(248, 7, 26, 2, 219.98),
(249, 40, 71, 1, 79.24),
(250, 40, 53, 5, 587.8),
(251, 31, 15, 3, 272.94),
(252, 48, 134, 1, 88.4),
(253, 32, 184, 2, 153.4),
(254, 29, 280, 3, 315.8),
(255, 39, 123, 3, 51.81),
(256, 38, 273, 4, 331.36),
(257, 22, 125, 3, 275.52),
(258, 1, 286, 2, 137.22),
(259, 36, 136, 4, 87.8),
(260, 32, 96, 4, 324.4),
(261, 44, 77, 4, 245.96),
(262, 41, 8, 5, 374.95),
(263, 6, 98, 3, 170.07),
(264, 37, 106, 1, 41.04),
(265, 4, 212, 5, 484.9),
(266, 12, 194, 3, 312.15),
(267, 41, 164, 4, 427.16),
(268, 20, 215, 3, 48.21),
(269, 13, 150, 3, 174.03),
(270, 8, 233, 3, 128.85),
(271, 47, 156, 5, 352.8),
(272, 33, 164, 5, 454.35),
(273, 36, 90, 2, 203.74),
(274, 27, 38, 3, 166.10),
(275, 42, 45, 5, 403.95),
(276, 18, 68, 5, 133.25),
(277, 38, 89, 2, 41.74),
(278, 19, 136, 4, 450.84),
(279, 26, 120, 1, 42.27),
(280, 8, 113, 2, 53.84),
(281, 45, 79, 3, 156.06),
(282, 45, 199, 5, 399.90),
(283, 27, 14, 1, 50.34),
(284, 18, 264, 1, 69.09),
(285, 44, 165, 4, 330.08),
(286, 47, 211, 1, 111.81),
(287, 48, 168, 1, 36.55),
(288, 25, 269, 1, 116.24),
(289, 41, 290, 1, 69.17),
(290, 35, 54, 1, 50.17),
(291, 38, 98, 4, 264.56),
(292, 23, 80, 1, 61.49),
(293, 6, 239, 5, 217.85),
(294, 6, 229, 5, 162.3),
(295, 3, 24, 2, 79.34),
(296, 23, 292, 4, 425.48),
(297, 34, 236, 3, 145.92),
(298, 37, 150, 3, 305.25),
(299, 15, 145, 3, 286.56),
(300, 35, 109, 3, 193.77),
(301, 2, 199, 1, 71.94),
(302, 24, 47, 5, 594.05),
(303, 47, 204, 4, 156.64),
(304, 29, 271, 5, 83.75),
(305, 36, 75, 1, 85.49),
(306, 44, 176, 1, 73.48),
(307, 5, 33, 4, 194.28),
(308, 20, 76, 5, 405.09),
(309, 5, 99, 3, 203.49),
(310, 23, 107, 4, 134.24),
(311, 38, 240, 2, 222.02),
(312, 28, 77, 1, 22.11),
(313, 6, 129, 4, 309.16),
(314, 19, 79, 1, 21.41),
(315, 1, 233, 4, 129.04),
(316, 38, 113, 3, 95.78),
(317, 37, 72, 2, 234.68),
(318, 36, 112, 4, 340.16),
(319, 35, 46, 2, 143.54),
(320, 24, 77, 3, 59.28),
(321, 12, 151, 3, 85.17),
(322, 39, 94, 2, 159.84),
(323, 9, 184, 2, 117.92),
(324, 24, 208, 1, 104.21),
(325, 18, 263, 3, 150.27),
(326, 17, 75, 5, 315.59),
(327, 44, 214, 5, 478.84),
(328, 20, 105, 3, 207.36),
(329, 41, 14, 1, 111.92),
(330, 16, 122, 5, 371.4),
(331, 36, 197, 5, 387.0),
(332, 38, 56, 3, 252.12),
(333, 9, 237, 1, 83.05),
(334, 21, 281, 3, 267.51),
(335, 22, 171, 1, 27.73),
(336, 43, 228, 4, 324.16),
(337, 37, 188, 4, 180.4),
(338, 25, 292, 3, 179.76),
(339, 13, 208, 5, 312.6),
(340, 44, 98, 1, 55.17),
(341, 2, 72, 3, 149.76),
(342, 5, 261, 4, 148.88),
(343, 32, 295, 3, 176.67),
(344, 33, 267, 3, 249.75),
(345, 29, 139, 2, 229.04),
(346, 26, 176, 2, 134.44),
(347, 50, 254, 1, 70.19),
(348, 9, 55, 1, 45.45),
(349, 47, 210, 2, 32.82),
(350, 48, 11, 1, 37.92),
(351, 46, 101, 1, 73.29),
(352, 4, 260, 1, 104.12),
(353, 20, 99, 4, 148.2),
(354, 42, 14, 3, 56.13),
(355, 25, 246, 3, 304.40),
(356, 43, 67, 3, 48.51),
(357, 17, 224, 1, 43.1),
(358, 17, 274, 3, 92.42),
(359, 21, 205, 5, 90.5),
(360, 38, 231, 5, 586.75),
(361, 31, 36, 3, 230.79),
(362, 40, 243, 2, 50.46),
(363, 44, 103, 3, 101.60),
(364, 21, 83, 1, 47.42),
(365, 4, 230, 5, 496.34),
(366, 28, 54, 3, 56.070),
(367, 49, 105, 2, 111.2),
(368, 8, 257, 3, 119.43),
(369, 36, 269, 1, 92.95),
(370, 28, 54, 3, 99.270),
(371, 30, 200, 1, 63.4),
(372, 15, 128, 4, 120.08),
(373, 41, 173, 2, 198.36),
(374, 39, 105, 5, 92.2),
(375, 18, 72, 4, 343.48),
(376, 21, 111, 4, 441.8),
(377, 10, 141, 3, 105.270),
(378, 17, 93, 2, 148.68),
(379, 27, 215, 5, 299.75),
(380, 45, 276, 1, 42.17),
(381, 32, 184, 3, 278.85),
(382, 14, 116, 1, 102.55),
(383, 18, 124, 3, 321.21),
(384, 4, 280, 2, 151.44),
(385, 16, 124, 5, 498.7),
(386, 22, 53, 4, 149.24),
(387, 16, 298, 4, 427.28),
(388, 20, 214, 5, 201.6),
(389, 36, 232, 2, 82.74),
(390, 27, 298, 2, 156.04),
(391, 4, 169, 2, 151.0),
(392, 19, 270, 4, 166.76),
(393, 7, 5, 4, 277.64),
(394, 28, 280, 4, 113.4),
(395, 10, 248, 4, 117.8),
(396, 16, 275, 4, 143.56),
(397, 34, 8, 1, 117.34),
(398, 32, 148, 3, 59.91),
(399, 3, 128, 2, 236.98),
(400, 28, 261, 5, 590.45);


--Verificar clientes ativos, inserindo vendas recentes

INSERT INTO fvendas (id_venda, id_cliente, id_bu, data_venda, status, valor_total)
VALUES 
  (301, 5, 1, '2025-06-01', 'Concluída', 75.50),
  (302, 8, 2, '2025-06-02', 'Concluída', 120.90),
  (303, 12, 3, '2025-06-03', 'Concluída', 65.70),
  (304, 18, 1, '2025-06-04', 'Concluída', 89.40),
  (305, 22, 2, '2025-06-05', 'Concluída', 105.30),
  (306, 30, 3, '2025-06-06', 'Concluída', 150.00),
  (307, 35, 1, '2025-06-07', 'Concluída', 55.20),
  (308, 40, 2, '2025-06-08', 'Concluída', 98.70),
  (309, 45, 3, '2025-06-09', 'Concluída', 135.60),
  (310, 50, 1, '2025-06-10', 'Concluída', 112.80);

INSERT INTO ditemorder (id_item, id_venda, id_produto, qtd_item, valor_item)
VALUES 

(1001, 301, 5, 2, 45.00),
(1002, 301, 8, 1, 30.50),
(1003, 302, 10, 3, 90.00),
(1004, 302, 12, 2, 30.90),
(1005, 303, 3, 2, 40.00),
(1006, 303, 6, 1, 25.70),
(1007, 304, 7, 1, 35.40),
(1008, 304, 9, 2, 54.00),
(1009, 305, 11, 2, 70.30),
(1010, 305, 14, 1, 35.00),
(1011, 306, 2, 4, 100.00),
(1012, 306, 4, 2, 50.00),
(1013, 307, 5, 1, 25.20),
(1014, 307, 8, 1, 30.00),
(1015, 308, 13, 2, 60.00),
(1016, 308, 16, 1, 38.70),
(1017, 309, 18, 3, 90.60),
(1018, 309, 20, 2, 45.00),
(1019, 310, 1, 2, 62.80),
(1020, 310, 3, 1, 50.00);
